{
  "index": {
    "count": 35778.0,
    "mean": 26433.181675890213,
    "std": 16690.262834090696,
    "min": 0.0,
    "25%": 11750.25,
    "50%": 24697.5,
    "75%": 40834.75,
    "max": 58488.0
  },
  "age": {
    "count": 35778.0,
    "mean": 40.52783833640785,
    "std": 9.984263511901245,
    "min": 18.0,
    "25%": 33.0,
    "50%": 39.0,
    "75%": 48.0,
    "max": 70.0
  },
  "balance": {
    "count": 35778.0,
    "mean": 1352.7700262731287,
    "std": 3009.9776411778626,
    "min": -8019.0,
    "25%": 71.0,
    "50%": 442.0,
    "75%": 1408.75,
    "max": 102127.0
  },
  "day": {
    "count": 35778.0,
    "mean": 15.820671921292414,
    "std": 8.32460731042433,
    "min": 1.0,
    "25%": 8.0,
    "50%": 16.0,
    "75%": 21.0,
    "max": 31.0
  },
  "duration": {
    "count": 35778.0,
    "mean": 257.1499524847672,
    "std": 256.24422085438584,
    "min": 0.0,
    "25%": 103.0,
    "50%": 180.0,
    "75%": 318.0,
    "max": 4918.0
  },
  "campaign": {
    "count": 35778.0,
    "mean": 2.7785231147632623,
    "std": 3.1430522342933616,
    "min": 1.0,
    "25%": 1.0,
    "50%": 2.0,
    "75%": 3.0,
    "max": 63.0
  },
  "pdays": {
    "count": 35778.0,
    "mean": 40.18857957403991,
    "std": 100.2280222571862,
    "min": -1.0,
    "25%": -1.0,
    "50%": -1.0,
    "75%": -1.0,
    "max": 842.0
  },
  "previous": {
    "count": 35778.0,
    "mean": 0.5713566996478283,
    "std": 2.354645037658973,
    "min": 0.0,
    "25%": 0.0,
    "50%": 0.0,
    "75%": 0.0,
    "max": 275.0
  },
  "datetime": {
    "count": 35778.0,
    "mean": 6.127201073285259,
    "std": 2.395387088879902,
    "min": 1.0,
    "25%": 5.0,
    "50%": 6.0,
    "75%": 8.0,
    "max": 12.0
  }
}